id,name,year,gender,count
1,Mary,1880,F,7065
2,Anna,1880,F,2604
3,Emma,1880,F,2003
4,Elizabeth,1880,F,1939
5,Minnie,1880,F,1746
6,Margaret,1880,F,1578
7,Ida,1880,F,1472
8,Alice,1880,F,1414
9,Bertha,1880,F,1320
10,Sarah,1880,F,1288
11,Annie,1880,F,1258
12,Clara,1880,F,1226
13,Ella,1880,F,1156
14,Florence,1880,F,1063
15,Cora,1880,F,1045
16,Martha,1880,F,1040
17,Laura,1880,F,1012
18,Nellie,1880,F,995
19,Grace,1880,F,982
20,Carrie,1880,F,949
21,Maude,1880,F,858
22,Mabel,1880,F,808
23,Bessie,1880,F,796
24,Jennie,1880,F,793
25,Gertrude,1880,F,787
26,Julia,1880,F,783
27,Hattie,1880,F,769
28,Edith,1880,F,768
29,Mattie,1880,F,704
30,Rose,1880,F,700
31,Catherine,1880,F,688
32,Lillian,1880,F,672
33,Ada,1880,F,652
34,Lillie,1880,F,647
35,Helen,1880,F,636
36,Jessie,1880,F,635
37,Louise,1880,F,635
38,Ethel,1880,F,633
39,Lula,1880,F,621
40,Myrtle,1880,F,615
41,Eva,1880,F,614
42,Frances,1880,F,605
43,Lena,1880,F,603
44,Lucy,1880,F,590
45,Edna,1880,F,588
46,Maggie,1880,F,582
47,Pearl,1880,F,569
48,Daisy,1880,F,564
49,Fannie,1880,F,560
50,Josephine,1880,F,544
51,Dora,1880,F,524
52,Rosa,1880,F,507
53,Katherine,1880,F,502
54,Agnes,1880,F,473
55,Marie,1880,F,471
56,Nora,1880,F,471
57,May,1880,F,462
58,Mamie,1880,F,436
59,Blanche,1880,F,427
60,Stella,1880,F,414
61,Ellen,1880,F,411
62,Nancy,1880,F,411
63,Effie,1880,F,406
64,Sallie,1880,F,404
65,Nettie,1880,F,403
66,Della,1880,F,391
67,Lizzie,1880,F,388
68,Flora,1880,F,365
69,Susie,1880,F,361
70,Maud,1880,F,345
71,Mae,1880,F,344
72,Etta,1880,F,323
73,Harriet,1880,F,319
74,Sadie,1880,F,317
75,Caroline,1880,F,306
76,Katie,1880,F,303
77,Lydia,1880,F,302
78,Elsie,1880,F,301
79,Kate,1880,F,299
80,Susan,1880,F,286
81,Mollie,1880,F,283
82,Alma,1880,F,277
83,Addie,1880,F,274
84,Georgia,1880,F,259
85,Eliza,1880,F,252
86,Lulu,1880,F,249
87,Nannie,1880,F,248
88,Lottie,1880,F,245
89,Amanda,1880,F,241
90,Belle,1880,F,238
91,Charlotte,1880,F,237
92,Rebecca,1880,F,236
93,Ruth,1880,F,234
94,Viola,1880,F,229
95,Olive,1880,F,224
96,Amelia,1880,F,221
97,Hannah,1880,F,221
98,Jane,1880,F,215
99,Virginia,1880,F,213
100,Emily,1880,F,210
101,Matilda,1880,F,210
102,Irene,1880,F,204
103,Kathryn,1880,F,204
104,Esther,1880,F,198
105,Willie,1880,F,192
106,Henrietta,1880,F,191
107,Ollie,1880,F,183
108,Amy,1880,F,167
109,Rachel,1880,F,166
110,Sara,1880,F,165
111,Estella,1880,F,162
112,Theresa,1880,F,153
113,Augusta,1880,F,151
114,Ora,1880,F,149
115,Pauline,1880,F,144
116,Josie,1880,F,141
117,Lola,1880,F,138
118,Sophia,1880,F,138
119,Leona,1880,F,137
120,Anne,1880,F,136
121,Mildred,1880,F,132
122,Ann,1880,F,131
123,Beulah,1880,F,131
124,Callie,1880,F,131
125,Lou,1880,F,131
126,Delia,1880,F,129
127,Eleanor,1880,F,129
128,Barbara,1880,F,127
129,Iva,1880,F,127
130,Louisa,1880,F,126
131,Maria,1880,F,125
132,Mayme,1880,F,124
133,Evelyn,1880,F,122
134,Estelle,1880,F,119
135,Nina,1880,F,119
136,Betty,1880,F,117
137,Marion,1880,F,115
138,Bettie,1880,F,113
139,Dorothy,1880,F,112
140,Luella,1880,F,111
141,Inez,1880,F,106
142,Lela,1880,F,106
143,Rosie,1880,F,106
144,Allie,1880,F,105
145,Millie,1880,F,105
146,Janie,1880,F,96
147,Cornelia,1880,F,94
148,Victoria,1880,F,93
149,Ruby,1880,F,92
150,Winifred,1880,F,92
151,Alta,1880,F,91
152,Celia,1880,F,90
153,Christine,1880,F,89
154,Beatrice,1880,F,87
155,Birdie,1880,F,85
156,Harriett,1880,F,83
157,Mable,1880,F,83
158,Myra,1880,F,83
159,Sophie,1880,F,83
160,Tillie,1880,F,83
161,Isabel,1880,F,81
162,Sylvia,1880,F,81
163,Carolyn,1880,F,80
164,Isabelle,1880,F,80
165,Leila,1880,F,80
166,Sally,1880,F,80
167,Ina,1880,F,79
168,Essie,1880,F,78
169,Bertie,1880,F,77
170,Nell,1880,F,77
171,Alberta,1880,F,76
172,Katharine,1880,F,76
173,Lora,1880,F,74
174,Rena,1880,F,74
175,Mina,1880,F,73
176,Rhoda,1880,F,73
177,Mathilda,1880,F,72
178,Abbie,1880,F,71
179,Eula,1880,F,70
180,Dollie,1880,F,69
181,Hettie,1880,F,69
182,Eunice,1880,F,67
183,Fanny,1880,F,67
184,Ola,1880,F,67
185,Lenora,1880,F,66
186,Adelaide,1880,F,65
187,Christina,1880,F,65
188,Lelia,1880,F,65
189,Nelle,1880,F,65
190,Sue,1880,F,65
191,Johanna,1880,F,64
192,Lilly,1880,F,64
193,Lucinda,1880,F,63
194,Minerva,1880,F,63
195,Lettie,1880,F,62
196,Roxie,1880,F,62
197,Cynthia,1880,F,61
198,Helena,1880,F,60
199,Hilda,1880,F,60
200,Hulda,1880,F,60
201,Bernice,1880,F,59
202,Genevieve,1880,F,59
203,Jean,1880,F,59
204,Cordelia,1880,F,58
205,Marian,1880,F,56
206,Francis,1880,F,55
207,Jeanette,1880,F,55
208,Adeline,1880,F,54
209,Gussie,1880,F,54
210,Leah,1880,F,54
211,Lois,1880,F,53
212,Lura,1880,F,53
213,Mittie,1880,F,53
214,Hallie,1880,F,51
215,Isabella,1880,F,50
216,Olga,1880,F,50
217,Phoebe,1880,F,50
218,Teresa,1880,F,50
219,Hester,1880,F,49
220,Lida,1880,F,49
221,Lina,1880,F,49
222,Winnie,1880,F,49
223,Claudia,1880,F,48
224,Marguerite,1880,F,48
225,Vera,1880,F,48
226,Cecelia,1880,F,47
227,Bess,1880,F,46
228,Emilie,1880,F,46
229,John,1880,F,46
230,Rosetta,1880,F,46
231,Verna,1880,F,46
232,Myrtie,1880,F,45
233,Cecilia,1880,F,44
234,Elva,1880,F,44
235,Olivia,1880,F,44
236,Ophelia,1880,F,44
237,Georgie,1880,F,43
238,Elnora,1880,F,42
239,Violet,1880,F,42
240,Adele,1880,F,41
241,Lily,1880,F,41
242,Linnie,1880,F,41
243,Loretta,1880,F,41
244,Madge,1880,F,41
245,Polly,1880,F,41
246,Virgie,1880,F,41
247,Eugenia,1880,F,40
248,Lucile,1880,F,40
249,Lucille,1880,F,40
250,Mabelle,1880,F,39
251,Rosalie,1880,F,39
252,Kittie,1880,F,38
253,Meta,1880,F,37
254,Angie,1880,F,36
255,Dessie,1880,F,36
256,Georgiana,1880,F,36
257,Lila,1880,F,36
258,Regina,1880,F,36
259,Selma,1880,F,36
260,Wilhelmina,1880,F,36
261,Bridget,1880,F,35
262,Lilla,1880,F,35
263,Malinda,1880,F,35
264,Vina,1880,F,35
265,Freda,1880,F,34
266,Gertie,1880,F,34
267,Jeannette,1880,F,34
268,Louella,1880,F,34
269,Mandy,1880,F,34
270,Roberta,1880,F,34
271,Cassie,1880,F,33
272,Corinne,1880,F,33
273,Ivy,1880,F,33
274,Melissa,1880,F,33
275,Lyda,1880,F,32
276,Naomi,1880,F,32
277,Norma,1880,F,32
278,Bell,1880,F,31
279,Margie,1880,F,31
280,Nona,1880,F,31
281,Zella,1880,F,31
282,Dovie,1880,F,30
283,Elvira,1880,F,30
284,Erma,1880,F,30
285,Irma,1880,F,30
286,Leota,1880,F,30
287,William,1880,F,30
288,Artie,1880,F,29
289,Blanch,1880,F,29
290,Charity,1880,F,29
291,Lorena,1880,F,29
292,Lucretia,1880,F,29
293,Orpha,1880,F,29
294,Alvina,1880,F,28
295,Annette,1880,F,28
296,Catharine,1880,F,28
297,Elma,1880,F,28
298,Geneva,1880,F,28
299,Janet,1880,F,28
300,Lee,1880,F,28
301,Leora,1880,F,28
302,Lona,1880,F,28
303,Miriam,1880,F,28
304,Zora,1880,F,28
305,Linda,1880,F,27
306,Octavia,1880,F,27
307,Sudie,1880,F,27
308,Zula,1880,F,27
309,Adella,1880,F,26
310,Alpha,1880,F,26
311,Frieda,1880,F,26
312,George,1880,F,26
313,Joanna,1880,F,26
314,Leonora,1880,F,26
315,Priscilla,1880,F,26
316,Tennie,1880,F,26
317,Angeline,1880,F,25
318,Docia,1880,F,25
319,Ettie,1880,F,25
320,Flossie,1880,F,25
321,Hanna,1880,F,25
322,Letha,1880,F,25
323,Minta,1880,F,25
324,Retta,1880,F,25
325,Rosella,1880,F,25
326,Adah,1880,F,24
327,Berta,1880,F,24
328,Elisabeth,1880,F,24
329,Elise,1880,F,24
330,Goldie,1880,F,24
331,Leola,1880,F,24
332,Margret,1880,F,24
333,Adaline,1880,F,23
334,Floy,1880,F,23
335,Idella,1880,F,23
336,Juanita,1880,F,23
337,Lenna,1880,F,23
338,Lucie,1880,F,23
339,Missouri,1880,F,23
340,Nola,1880,F,23
341,Zoe,1880,F,23
342,Eda,1880,F,22
343,Isabell,1880,F,22
344,James,1880,F,22
345,Julie,1880,F,22
346,Letitia,1880,F,22
347,Madeline,1880,F,22
348,Malissa,1880,F,22
349,Mariah,1880,F,22
350,Pattie,1880,F,22
351,Vivian,1880,F,22
352,Almeda,1880,F,21
353,Aurelia,1880,F,21
354,Claire,1880,F,21
355,Dolly,1880,F,21
356,Hazel,1880,F,21
357,Jannie,1880,F,21
358,Kathleen,1880,F,21
359,Kathrine,1880,F,21
360,Lavinia,1880,F,21
361,Marietta,1880,F,21
362,Melvina,1880,F,21
363,Ona,1880,F,21
364,Pinkie,1880,F,21
365,Samantha,1880,F,21
366,Susanna,1880,F,21
367,Chloe,1880,F,20
368,Donnie,1880,F,20
369,Elsa,1880,F,20
370,Gladys,1880,F,20
371,Matie,1880,F,20
372,Pearle,1880,F,20
373,Vesta,1880,F,20
374,Vinnie,1880,F,20
375,Antoinette,1880,F,19
376,Clementine,1880,F,19
377,Edythe,1880,F,19
378,Harriette,1880,F,19
379,Libbie,1880,F,19
380,Lilian,1880,F,19
381,Lue,1880,F,19
382,Lutie,1880,F,19
383,Magdalena,1880,F,19
384,Meda,1880,F,19
385,Rita,1880,F,19
386,Tena,1880,F,19
387,Zelma,1880,F,19
388,Adelia,1880,F,18
389,Annetta,1880,F,18
390,Antonia,1880,F,18
391,Dona,1880,F,18
392,Elizebeth,1880,F,18
393,Georgianna,1880,F,18
394,Gracie,1880,F,18
395,Iona,1880,F,18
396,Lessie,1880,F,18
397,Leta,1880,F,18
398,Liza,1880,F,18
399,Mertie,1880,F,18
400,Molly,1880,F,18
401,Neva,1880,F,18
402,Oma,1880,F,18
403,Alida,1880,F,17
404,Alva,1880,F,17
405,Cecile,1880,F,17
406,Cleo,1880,F,17
407,Donna,1880,F,17
408,Ellie,1880,F,17
409,Ernestine,1880,F,17
410,Evie,1880,F,17
411,Frankie,1880,F,17
412,Helene,1880,F,17
413,Minna,1880,F,17
414,Myrta,1880,F,17
415,Prudence,1880,F,17
416,Queen,1880,F,17
417,Rilla,1880,F,17
418,Savannah,1880,F,17
419,Tessie,1880,F,17
420,Tina,1880,F,17
421,Agatha,1880,F,16
422,America,1880,F,16
423,Anita,1880,F,16
424,Arminta,1880,F,16
425,Dorothea,1880,F,16
426,Ira,1880,F,16
427,Luvenia,1880,F,16
428,Marjorie,1880,F,16
429,Maybelle,1880,F,16
430,Mellie,1880,F,16
431,Nan,1880,F,16
432,Pearlie,1880,F,16
433,Sidney,1880,F,16
434,Velma,1880,F,16
435,Clare,1880,F,15
436,Constance,1880,F,15
437,Dixie,1880,F,15
438,Ila,1880,F,15
439,Iola,1880,F,15
440,Jimmie,1880,F,15
441,Louvenia,1880,F,15
442,Lucia,1880,F,15
443,Ludie,1880,F,15
444,Luna,1880,F,15
445,Metta,1880,F,15
446,Patsy,1880,F,15
447,Phebe,1880,F,15
448,Sophronia,1880,F,15
449,Adda,1880,F,14
450,Avis,1880,F,14
451,Betsy,1880,F,14
452,Bonnie,1880,F,14
453,Cecil,1880,F,14
454,Cordie,1880,F,14
455,Emmaline,1880,F,14
456,Ethelyn,1880,F,14
457,Hortense,1880,F,14
458,June,1880,F,14
459,Louie,1880,F,14
460,Lovie,1880,F,14
461,Marcella,1880,F,14
462,Melinda,1880,F,14
463,Mona,1880,F,14
464,Odessa,1880,F,14
465,Veronica,1880,F,14
466,Aimee,1880,F,13
467,Annabel,1880,F,13
468,Ava,1880,F,13
469,Bella,1880,F,13
470,Carolina,1880,F,13
471,Cathrine,1880,F,13
472,Christena,1880,F,13
473,Clyde,1880,F,13
474,Dena,1880,F,13
475,Dolores,1880,F,13
476,Eleanore,1880,F,13
477,Elmira,1880,F,13
478,Fay,1880,F,13
479,Frank,1880,F,13
480,Jenny,1880,F,13
481,Kizzie,1880,F,13
482,Lonnie,1880,F,13
483,Loula,1880,F,13
484,Magdalene,1880,F,13
485,Mettie,1880,F,13
486,Mintie,1880,F,13
487,Peggy,1880,F,13
488,Reba,1880,F,13
489,Serena,1880,F,13
490,Vida,1880,F,13
491,Zada,1880,F,13
492,Abigail,1880,F,12
493,Celestine,1880,F,12
494,Celina,1880,F,12
495,Claudie,1880,F,12
496,Clemmie,1880,F,12
497,Connie,1880,F,12
498,Daisie,1880,F,12
499,Deborah,1880,F,12
500,Dessa,1880,F,12
501,Easter,1880,F,12
502,Eddie,1880,F,12
503,Emelia,1880,F,12
504,Emmie,1880,F,12
505,Imogene,1880,F,12
506,India,1880,F,12
507,Jeanne,1880,F,12
508,Joan,1880,F,12
509,Lenore,1880,F,12
510,Liddie,1880,F,12
511,Lotta,1880,F,12
512,Mame,1880,F,12
513,Nevada,1880,F,12
514,Rachael,1880,F,12
515,Sina,1880,F,12
516,Willa,1880,F,12
517,Aline,1880,F,11
518,Beryl,1880,F,11
519,Charles,1880,F,11
520,Daisey,1880,F,11
521,Dorcas,1880,F,11
522,Edmonia,1880,F,11
523,Effa,1880,F,11
524,Eldora,1880,F,11
525,Eloise,1880,F,11
526,Emmer,1880,F,11
527,Era,1880,F,11
528,Gena,1880,F,11
529,Henry,1880,F,11
530,Iris,1880,F,11
531,Izora,1880,F,11
532,Lennie,1880,F,11
533,Lissie,1880,F,11
534,Mallie,1880,F,11
535,Malvina,1880,F,11
536,Mathilde,1880,F,11
537,Mazie,1880,F,11
538,Queenie,1880,F,11
539,Robert,1880,F,11
540,Rosina,1880,F,11
541,Salome,1880,F,11
542,Theodora,1880,F,11
543,Therese,1880,F,11
544,Vena,1880,F,11
545,Wanda,1880,F,11
546,Wilda,1880,F,11
547,Altha,1880,F,10
548,Anastasia,1880,F,10
549,Besse,1880,F,10
550,Bird,1880,F,10
551,Birtie,1880,F,10
552,Clarissa,1880,F,10
553,Claude,1880,F,10
554,Delilah,1880,F,10
555,Diana,1880,F,10
556,Emelie,1880,F,10
557,Erna,1880,F,10
558,Fern,1880,F,10
559,Florida,1880,F,10
560,Frona,1880,F,10
561,Hilma,1880,F,10
562,Joseph,1880,F,10
563,Juliet,1880,F,10
564,Leonie,1880,F,10
565,Lugenia,1880,F,10
566,Mammie,1880,F,10
567,Manda,1880,F,10
568,Manerva,1880,F,10
569,Manie,1880,F,10
570,Nella,1880,F,10
571,Paulina,1880,F,10
572,Philomena,1880,F,10
573,Rae,1880,F,10
574,Selina,1880,F,10
575,Sena,1880,F,10
576,Theodosia,1880,F,10
577,Tommie,1880,F,10
578,Una,1880,F,10
579,Vernie,1880,F,10
580,Adela,1880,F,9
581,Althea,1880,F,9
582,Amalia,1880,F,9
583,Amber,1880,F,9
584,Angelina,1880,F,9
585,Annabelle,1880,F,9
586,Anner,1880,F,9
587,Arie,1880,F,9
588,Clarice,1880,F,9
589,Corda,1880,F,9
590,Corrie,1880,F,9
591,Dell,1880,F,9
592,Dellar,1880,F,9
593,Donie,1880,F,9
594,Doris,1880,F,9
595,Elda,1880,F,9
596,Elinor,1880,F,9
597,Emeline,1880,F,9
598,Emilia,1880,F,9
599,Esta,1880,F,9
600,Estell,1880,F,9
601,Etha,1880,F,9
602,Fred,1880,F,9
603,Hope,1880,F,9
604,Indiana,1880,F,9
605,Ione,1880,F,9
606,Jettie,1880,F,9
607,Johnnie,1880,F,9
608,Josiephine,1880,F,9
609,Kitty,1880,F,9
610,Lavina,1880,F,9
611,Leda,1880,F,9
612,Letta,1880,F,9
613,Mahala,1880,F,9
614,Marcia,1880,F,9
615,Margarette,1880,F,9
616,Maudie,1880,F,9
617,Maye,1880,F,9
618,Norah,1880,F,9
619,Oda,1880,F,9
620,Patty,1880,F,9
621,Paula,1880,F,9
622,Permelia,1880,F,9
623,Rosalia,1880,F,9
624,Roxanna,1880,F,9
625,Sula,1880,F,9
626,Vada,1880,F,9
627,Winnifred,1880,F,9
628,Adline,1880,F,8
629,Almira,1880,F,8
630,Alvena,1880,F,8
631,Arizona,1880,F,8
632,Becky,1880,F,8
633,Bennie,1880,F,8
634,Bernadette,1880,F,8
635,Camille,1880,F,8
636,Cordia,1880,F,8
637,Corine,1880,F,8
638,Dicie,1880,F,8
639,Dove,1880,F,8
640,Drusilla,1880,F,8
641,Elena,1880,F,8
642,Elenora,1880,F,8
643,Elmina,1880,F,8
644,Ethyl,1880,F,8
645,Evalyn,1880,F,8
646,Evelina,1880,F,8
647,Faye,1880,F,8
648,Huldah,1880,F,8
649,Idell,1880,F,8
650,Inga,1880,F,8
651,Irena,1880,F,8
652,Jewell,1880,F,8
653,Kattie,1880,F,8
654,Lavenia,1880,F,8
655,Leslie,1880,F,8
656,Lovina,1880,F,8
657,Lulie,1880,F,8
658,Magnolia,1880,F,8
659,Margeret,1880,F,8
660,Margery,1880,F,8
661,Media,1880,F,8
662,Millicent,1880,F,8
663,Nena,1880,F,8
664,Ocie,1880,F,8
665,Orilla,1880,F,8
666,Osie,1880,F,8
667,Pansy,1880,F,8
668,Ray,1880,F,8
669,Rosia,1880,F,8
670,Rowena,1880,F,8
671,Shirley,1880,F,8
672,Tabitha,1880,F,8
673,Thomas,1880,F,8
674,Verdie,1880,F,8
675,Walter,1880,F,8
676,Zetta,1880,F,8
677,Zoa,1880,F,8
678,Zona,1880,F,8
679,Albertina,1880,F,7
680,Albina,1880,F,7
681,Alyce,1880,F,7
682,Amie,1880,F,7
683,Angela,1880,F,7
684,Annis,1880,F,7
685,Carol,1880,F,7
686,Carra,1880,F,7
687,Clarence,1880,F,7
688,Clarinda,1880,F,7
689,Delphia,1880,F,7
690,Dillie,1880,F,7
691,Doshie,1880,F,7
692,Drucilla,1880,F,7
693,Etna,1880,F,7
694,Eugenie,1880,F,7
695,Eulalia,1880,F,7
696,Eve,1880,F,7
697,Felicia,1880,F,7
698,Florance,1880,F,7
699,Fronie,1880,F,7
700,Geraldine,1880,F,7
701,Gina,1880,F,7
702,Glenna,1880,F,7
703,Grayce,1880,F,7
704,Hedwig,1880,F,7
705,Jessica,1880,F,7
706,Jossie,1880,F,7
707,Katheryn,1880,F,7
708,Katy,1880,F,7
709,Lea,1880,F,7
710,Leanna,1880,F,7
711,Leitha,1880,F,7
712,Leone,1880,F,7
713,Lidie,1880,F,7
714,Loma,1880,F,7
715,Lular,1880,F,7
716,Magdalen,1880,F,7
717,Maymie,1880,F,7
718,Minervia,1880,F,7
719,Muriel,1880,F,7
720,Neppie,1880,F,7
721,Olie,1880,F,7
722,Onie,1880,F,7
723,Osa,1880,F,7
724,Otelia,1880,F,7
725,Paralee,1880,F,7
726,Patience,1880,F,7
727,Rella,1880,F,7
728,Rillie,1880,F,7
729,Rosanna,1880,F,7
730,Theo,1880,F,7
731,Tilda,1880,F,7
732,Tishie,1880,F,7
733,Tressa,1880,F,7
734,Viva,1880,F,7
735,Yetta,1880,F,7
736,Zena,1880,F,7
737,Zola,1880,F,7
738,Abby,1880,F,6
739,Aileen,1880,F,6
740,Alba,1880,F,6
741,Alda,1880,F,6
742,Alla,1880,F,6
743,Alverta,1880,F,6
744,Ara,1880,F,6
745,Ardelia,1880,F,6
746,Ardella,1880,F,6
747,Arrie,1880,F,6
748,Arvilla,1880,F,6
749,Augustine,1880,F,6
750,Aurora,1880,F,6
751,Bama,1880,F,6
752,Bena,1880,F,6
753,Byrd,1880,F,6
754,Calla,1880,F,6
755,Camilla,1880,F,6
756,Carey,1880,F,6
757,Carlotta,1880,F,6
758,Celestia,1880,F,6
759,Cherry,1880,F,6
760,Cinda,1880,F,6
761,Classie,1880,F,6
762,Claudine,1880,F,6
763,Clemie,1880,F,6
764,Clifford,1880,F,6
765,Clyda,1880,F,6
766,Creola,1880,F,6
767,Debbie,1880,F,6
768,Dee,1880,F,6
769,Dinah,1880,F,6
770,Doshia,1880,F,6
771,Ednah,1880,F,6
772,Edyth,1880,F,6
773,Eleanora,1880,F,6
774,Electa,1880,F,6
775,Eola,1880,F,6
776,Erie,1880,F,6
777,Eudora,1880,F,6
778,Euphemia,1880,F,6
779,Evalena,1880,F,6
780,Evaline,1880,F,6
781,Faith,1880,F,6
782,Fidelia,1880,F,6
783,Freddie,1880,F,6
784,Golda,1880,F,6
785,Harry,1880,F,6
786,Helma,1880,F,6
787,Hermine,1880,F,6
788,Hessie,1880,F,6
789,Ivah,1880,F,6
790,Janette,1880,F,6
791,Jennette,1880,F,6
792,Joella,1880,F,6
793,Kathryne,1880,F,6
794,Lacy,1880,F,6
795,Lanie,1880,F,6
796,Lauretta,1880,F,6
797,Leana,1880,F,6
798,Leatha,1880,F,6
799,Leo,1880,F,6
800,Liller,1880,F,6
801,Lillis,1880,F,6
802,Louetta,1880,F,6
803,Madie,1880,F,6
804,Mai,1880,F,6
805,Martina,1880,F,6
806,Maryann,1880,F,6
807,Melva,1880,F,6
808,Mena,1880,F,6
809,Mercedes,1880,F,6
810,Merle,1880,F,6
811,Mima,1880,F,6
812,Minda,1880,F,6
813,Monica,1880,F,6
814,Nealie,1880,F,6
815,Netta,1880,F,6
816,Nolia,1880,F,6
817,Nonie,1880,F,6
818,Odelia,1880,F,6
819,Ottilie,1880,F,6
820,Phyllis,1880,F,6
821,Robbie,1880,F,6
822,Sabina,1880,F,6
823,Sada,1880,F,6
824,Sammie,1880,F,6
825,Suzanne,1880,F,6
826,Sybilla,1880,F,6
827,Thea,1880,F,6
828,Tressie,1880,F,6
829,Vallie,1880,F,6
830,Venie,1880,F,6
831,Viney,1880,F,6
832,Wilhelmine,1880,F,6
833,Winona,1880,F,6
834,Zelda,1880,F,6
835,Zilpha,1880,F,6
836,Adelle,1880,F,5
837,Adina,1880,F,5
838,Adrienne,1880,F,5
839,Albertine,1880,F,5
840,Alys,1880,F,5
841,Ana,1880,F,5
842,Araminta,1880,F,5
843,Arthur,1880,F,5
844,Birtha,1880,F,5
845,Bulah,1880,F,5
846,Caddie,1880,F,5
847,Celie,1880,F,5
848,Charlotta,1880,F,5
849,Clair,1880,F,5
850,Concepcion,1880,F,5
851,Cordella,1880,F,5
852,Corrine,1880,F,5
853,Delila,1880,F,5
854,Delphine,1880,F,5
855,Dosha,1880,F,5
856,Edgar,1880,F,5
857,Elaine,1880,F,5
858,Elisa,1880,F,5
859,Ellar,1880,F,5
860,Elmire,1880,F,5
861,Elvina,1880,F,5
862,Ena,1880,F,5
863,Estie,1880,F,5
864,Etter,1880,F,5
865,Fronnie,1880,F,5
866,Genie,1880,F,5
867,Georgina,1880,F,5
868,Glenn,1880,F,5
869,Gracia,1880,F,5
870,Guadalupe,1880,F,5
871,Gwendolyn,1880,F,5
872,Hassie,1880,F,5
873,Honora,1880,F,5
874,Icy,1880,F,5
875,Isa,1880,F,5
876,Isadora,1880,F,5
877,Jesse,1880,F,5
878,Jewel,1880,F,5
879,Joe,1880,F,5
880,Johannah,1880,F,5
881,Juana,1880,F,5
882,Judith,1880,F,5
883,Judy,1880,F,5
884,Junie,1880,F,5
885,Lavonia,1880,F,5
886,Lella,1880,F,5
887,Lemma,1880,F,5
888,Letty,1880,F,5
889,Linna,1880,F,5
890,Littie,1880,F,5
891,Lollie,1880,F,5
892,Lorene,1880,F,5
893,Louis,1880,F,5
894,Love,1880,F,5
895,Lovisa,1880,F,5
896,Lucina,1880,F,5
897,Lynn,1880,F,5
898,Madora,1880,F,5
899,Mahalia,1880,F,5
900,Manervia,1880,F,5
901,Manuela,1880,F,5
902,Margarett,1880,F,5
903,Margaretta,1880,F,5
904,Margarita,1880,F,5
905,Marilla,1880,F,5
906,Mignon,1880,F,5
907,Mozella,1880,F,5
908,Natalie,1880,F,5
909,Nelia,1880,F,5
910,Nolie,1880,F,5
911,Omie,1880,F,5
912,Opal,1880,F,5
913,Ossie,1880,F,5
914,Ottie,1880,F,5
915,Ottilia,1880,F,5
916,Parthenia,1880,F,5
917,Penelope,1880,F,5
918,Pinkey,1880,F,5
919,Pollie,1880,F,5
920,Rennie,1880,F,5
921,Reta,1880,F,5
922,Roena,1880,F,5
923,Rosalee,1880,F,5
924,Roseanna,1880,F,5
925,Ruthie,1880,F,5
926,Sabra,1880,F,5
927,Sannie,1880,F,5
928,Selena,1880,F,5
929,Sibyl,1880,F,5
930,Tella,1880,F,5
931,Tempie,1880,F,5
932,Tennessee,1880,F,5
933,Teressa,1880,F,5
934,Texas,1880,F,5
935,Theda,1880,F,5
936,Thelma,1880,F,5
937,Thursa,1880,F,5
938,Ula,1880,F,5
939,Vannie,1880,F,5
940,Verona,1880,F,5
941,Vertie,1880,F,5
942,Wilma,1880,F,5
943,John,1880,M,9655
944,William,1880,M,9532
945,James,1880,M,5927
946,Charles,1880,M,5348
947,George,1880,M,5126
948,Frank,1880,M,3242
949,Joseph,1880,M,2632
950,Thomas,1880,M,2534
951,Henry,1880,M,2444
952,Robert,1880,M,2415
953,Edward,1880,M,2364
954,Harry,1880,M,2152
955,Walter,1880,M,1755
956,Arthur,1880,M,1599
957,Fred,1880,M,1569
958,Albert,1880,M,1493
959,Samuel,1880,M,1024
960,David,1880,M,869
961,Louis,1880,M,828
962,Joe,1880,M,731
963,Charlie,1880,M,730
964,Clarence,1880,M,730
965,Richard,1880,M,728
966,Andrew,1880,M,644
967,Daniel,1880,M,643
968,Ernest,1880,M,615
969,Will,1880,M,588
970,Jesse,1880,M,569
971,Oscar,1880,M,544
972,Lewis,1880,M,517
973,Peter,1880,M,496
974,Benjamin,1880,M,490
975,Frederick,1880,M,483
976,Willie,1880,M,476
977,Alfred,1880,M,469
978,Sam,1880,M,457
979,Roy,1880,M,440
980,Herbert,1880,M,424
981,Jacob,1880,M,404
982,Tom,1880,M,399
983,Elmer,1880,M,373
984,Carl,1880,M,372
985,Lee,1880,M,361
986,Howard,1880,M,357
987,Martin,1880,M,357
988,Michael,1880,M,354
989,Bert,1880,M,348
990,Herman,1880,M,347
991,Jim,1880,M,345
992,Francis,1880,M,344
993,Harvey,1880,M,344
994,Earl,1880,M,335
995,Eugene,1880,M,328
996,Ralph,1880,M,317
997,Ed,1880,M,310
998,Claude,1880,M,309
999,Edwin,1880,M,309
1000,Ben,1880,M,305
1001,Charley,1880,M,305
1002,Paul,1880,M,301
1003,Edgar,1880,M,283
1004,Isaac,1880,M,274
1005,Otto,1880,M,271
1006,Luther,1880,M,260
1007,Lawrence,1880,M,257
1008,Ira,1880,M,249
1009,Patrick,1880,M,248
1010,Guy,1880,M,239
1011,Oliver,1880,M,234
1012,Theodore,1880,M,232
1013,Hugh,1880,M,224
1014,Clyde,1880,M,221
1015,Alexander,1880,M,211
1016,August,1880,M,210
1017,Floyd,1880,M,206
1018,Homer,1880,M,205
1019,Jack,1880,M,204
1020,Leonard,1880,M,200
1021,Horace,1880,M,199
1022,Marion,1880,M,189
1023,Philip,1880,M,186
1024,Allen,1880,M,184
1025,Archie,1880,M,183
1026,Stephen,1880,M,176
1027,Chester,1880,M,168
1028,Willis,1880,M,166
1029,Raymond,1880,M,165
1030,Rufus,1880,M,163
1031,Warren,1880,M,158
1032,Jessie,1880,M,154
1033,Milton,1880,M,149
1034,Alex,1880,M,147
1035,Leo,1880,M,147
1036,Julius,1880,M,143
1037,Ray,1880,M,142
1038,Sidney,1880,M,142
1039,Bernard,1880,M,140
1040,Dan,1880,M,140
1041,Jerry,1880,M,136
1042,Calvin,1880,M,134
1043,Perry,1880,M,134
1044,Dave,1880,M,131
1045,Anthony,1880,M,130
1046,Eddie,1880,M,129
1047,Amos,1880,M,128
1048,Dennis,1880,M,128
1049,Clifford,1880,M,127
1050,Leroy,1880,M,124
1051,Wesley,1880,M,123
1052,Alonzo,1880,M,122
1053,Garfield,1880,M,122
1054,Franklin,1880,M,120
1055,Emil,1880,M,119
1056,Leon,1880,M,118
1057,Nathan,1880,M,114
1058,Harold,1880,M,113
1059,Matthew,1880,M,113
1060,Levi,1880,M,112
1061,Moses,1880,M,111
1062,Everett,1880,M,110
1063,Lester,1880,M,109
1064,Winfield,1880,M,108
1065,Adam,1880,M,104
1066,Lloyd,1880,M,104
1067,Mack,1880,M,104
1068,Fredrick,1880,M,103
1069,Jay,1880,M,103
1070,Jess,1880,M,103
1071,Melvin,1880,M,103
1072,Noah,1880,M,103
1073,Aaron,1880,M,102
1074,Alvin,1880,M,102
1075,Norman,1880,M,102
1076,Gilbert,1880,M,101
1077,Elijah,1880,M,100
1078,Victor,1880,M,100
1079,Gus,1880,M,99
1080,Nelson,1880,M,99
1081,Jasper,1880,M,98
1082,Silas,1880,M,98
1083,Jake,1880,M,96
1084,Christopher,1880,M,95
1085,Mike,1880,M,95
1086,Percy,1880,M,94
1087,Adolph,1880,M,93
1088,Maurice,1880,M,93
1089,Cornelius,1880,M,92
1090,Felix,1880,M,92
1091,Reuben,1880,M,92
1092,Wallace,1880,M,91
1093,Claud,1880,M,90
1094,Roscoe,1880,M,90
1095,Sylvester,1880,M,89
1096,Earnest,1880,M,88
1097,Hiram,1880,M,88
1098,Otis,1880,M,88
1099,Simon,1880,M,88
1100,Willard,1880,M,88
1101,Irvin,1880,M,86
1102,Mark,1880,M,85
1103,Jose,1880,M,84
1104,Wilbur,1880,M,82
1105,Abraham,1880,M,81
1106,Virgil,1880,M,81
1107,Clinton,1880,M,79
1108,Elbert,1880,M,79
1109,Leslie,1880,M,79
1110,Marshall,1880,M,78
1111,Owen,1880,M,78
1112,Wiley,1880,M,78
1113,Anton,1880,M,77
1114,Morris,1880,M,77
1115,Manuel,1880,M,75
1116,Phillip,1880,M,75
1117,Augustus,1880,M,74
1118,Emmett,1880,M,74
1119,Eli,1880,M,73
1120,Nicholas,1880,M,73
1121,Wilson,1880,M,72
1122,Alva,1880,M,70
1123,Harley,1880,M,70
1124,Newton,1880,M,70
1125,Timothy,1880,M,70
1126,Marvin,1880,M,69
1127,Ross,1880,M,69
1128,Curtis,1880,M,68
1129,Edmund,1880,M,67
1130,Jeff,1880,M,66
1131,Elias,1880,M,65
1132,Harrison,1880,M,65
1133,Stanley,1880,M,65
1134,Columbus,1880,M,64
1135,Lon,1880,M,64
1136,Ora,1880,M,64
1137,Ollie,1880,M,63
1138,Pearl,1880,M,62
1139,Russell,1880,M,62
1140,Solomon,1880,M,62
1141,Arch,1880,M,61
1142,Asa,1880,M,60
1143,Clayton,1880,M,60
1144,Enoch,1880,M,60
1145,Irving,1880,M,60
1146,Mathew,1880,M,60
1147,Nathaniel,1880,M,60
1148,Scott,1880,M,60
1149,Hubert,1880,M,59
1150,Lemuel,1880,M,59
1151,Andy,1880,M,58
1152,Ellis,1880,M,58
1153,Emanuel,1880,M,57
1154,Joshua,1880,M,57
1155,Millard,1880,M,56
1156,Vernon,1880,M,56
1157,Wade,1880,M,56
1158,Cyrus,1880,M,54
1159,Miles,1880,M,54
1160,Rudolph,1880,M,54
1161,Sherman,1880,M,54
1162,Austin,1880,M,53
1163,Bill,1880,M,53
1164,Chas,1880,M,53
1165,Lonnie,1880,M,53
1166,Monroe,1880,M,53
1167,Byron,1880,M,52
1168,Edd,1880,M,52
1169,Emery,1880,M,52
1170,Grant,1880,M,52
1171,Jerome,1880,M,52
1172,Max,1880,M,52
1173,Mose,1880,M,52
1174,Steve,1880,M,52
1175,Gordon,1880,M,51
1176,Abe,1880,M,50
1177,Pete,1880,M,50
1178,Chris,1880,M,49
1179,Clark,1880,M,49
1180,Gustave,1880,M,49
1181,Orville,1880,M,49
1182,Lorenzo,1880,M,48
1183,Bruce,1880,M,47
1184,Marcus,1880,M,47
1185,Preston,1880,M,47
1186,Bob,1880,M,46
1187,Dock,1880,M,46
1188,Donald,1880,M,46
1189,Jackson,1880,M,46
1190,Cecil,1880,M,45
1191,Barney,1880,M,44
1192,Delbert,1880,M,44
1193,Edmond,1880,M,44
1194,Anderson,1880,M,43
1195,Christian,1880,M,43
1196,Glenn,1880,M,43
1197,Jefferson,1880,M,43
1198,Luke,1880,M,43
1199,Neal,1880,M,43
1200,Burt,1880,M,42
1201,Ike,1880,M,42
1202,Myron,1880,M,42
1203,Tony,1880,M,42
1204,Conrad,1880,M,41
1205,Joel,1880,M,41
1206,Matt,1880,M,41
1207,Riley,1880,M,41
1208,Vincent,1880,M,41
1209,Emory,1880,M,40
1210,Isaiah,1880,M,40
1211,Nick,1880,M,40
1212,Ezra,1880,M,39
1213,Green,1880,M,39
1214,Juan,1880,M,39
1215,Clifton,1880,M,38
1216,Lucius,1880,M,38
1217,Porter,1880,M,38
1218,Arnold,1880,M,37
1219,Bud,1880,M,37
1220,Jeremiah,1880,M,37
1221,Taylor,1880,M,37
1222,Forrest,1880,M,36
1223,Roland,1880,M,36
1224,Spencer,1880,M,35
1225,Burton,1880,M,34
1226,Don,1880,M,34
1227,Emmet,1880,M,34
1228,Gustav,1880,M,33
1229,Louie,1880,M,33
1230,Morgan,1880,M,33
1231,Ned,1880,M,33
1232,Van,1880,M,33
1233,Ambrose,1880,M,32
1234,Chauncey,1880,M,32
1235,Elisha,1880,M,32
1236,Ferdinand,1880,M,32
1237,General,1880,M,32
1238,Julian,1880,M,32
1239,Kenneth,1880,M,32
1240,Mitchell,1880,M,32
1241,Allie,1880,M,31
1242,Josh,1880,M,31
1243,Judson,1880,M,31
1244,Lyman,1880,M,31
1245,Napoleon,1880,M,31
1246,Pedro,1880,M,31
1247,Berry,1880,M,30
1248,Dewitt,1880,M,30
1249,Ervin,1880,M,30
1250,Forest,1880,M,30
1251,Lynn,1880,M,30
1252,Pink,1880,M,30
1253,Ruben,1880,M,30
1254,Sanford,1880,M,30
1255,Ward,1880,M,30
1256,Douglas,1880,M,29
1257,Ole,1880,M,29
1258,Omer,1880,M,29
1259,Ulysses,1880,M,29
1260,Walker,1880,M,29
1261,Wilbert,1880,M,29
1262,Adelbert,1880,M,28
1263,Benjiman,1880,M,28
1264,Ivan,1880,M,28
1265,Jonas,1880,M,28
1266,Major,1880,M,28
1267,Abner,1880,M,27
1268,Archibald,1880,M,27
1269,Caleb,1880,M,27
1270,Clint,1880,M,27
1271,Dudley,1880,M,27
1272,Granville,1880,M,27
1273,King,1880,M,27
1274,Mary,1880,M,27
1275,Merton,1880,M,27
1276,Antonio,1880,M,26
1277,Bennie,1880,M,26
1278,Carroll,1880,M,26
1279,Freeman,1880,M,26
1280,Josiah,1880,M,26
1281,Milo,1880,M,26
1282,Royal,1880,M,26
1283,Dick,1880,M,25
1284,Earle,1880,M,25
1285,Elza,1880,M,25
1286,Emerson,1880,M,25
1287,Fletcher,1880,M,25
1288,Judge,1880,M,25
1289,Laurence,1880,M,25
1290,Neil,1880,M,25
1291,Roger,1880,M,25
1292,Seth,1880,M,25
1293,Glen,1880,M,24
1294,Hugo,1880,M,24
1295,Jimmie,1880,M,24
1296,Johnnie,1880,M,24
1297,Washington,1880,M,24
1298,Elwood,1880,M,23
1299,Gust,1880,M,23
1300,Harmon,1880,M,23
1301,Jordan,1880,M,23
1302,Simeon,1880,M,23
1303,Wayne,1880,M,23
1304,Wilber,1880,M,23
1305,Clem,1880,M,22
1306,Evan,1880,M,22
1307,Frederic,1880,M,22
1308,Irwin,1880,M,22
1309,Junius,1880,M,22
1310,Lafayette,1880,M,22
1311,Loren,1880,M,22
1312,Madison,1880,M,22
1313,Mason,1880,M,22
1314,Orval,1880,M,22
1315,Abram,1880,M,21
1316,Aubrey,1880,M,21
1317,Elliott,1880,M,21
1318,Hans,1880,M,21
1319,Karl,1880,M,21
1320,Minor,1880,M,21
1321,Wash,1880,M,21
1322,Wilfred,1880,M,21
1323,Allan,1880,M,20
1324,Alphonse,1880,M,20
1325,Dallas,1880,M,20
1326,Dee,1880,M,20
1327,Isiah,1880,M,20
1328,Jason,1880,M,20
1329,Johnny,1880,M,20
1330,Lawson,1880,M,20
1331,Lew,1880,M,20
1332,Micheal,1880,M,20
1333,Orin,1880,M,20
1334,Addison,1880,M,19
1335,Cal,1880,M,19
1336,Erastus,1880,M,19
1337,Francisco,1880,M,19
1338,Hardy,1880,M,19
1339,Lucien,1880,M,19
1340,Randolph,1880,M,19
1341,Stewart,1880,M,19
1342,Vern,1880,M,19
1343,Wilmer,1880,M,19
1344,Zack,1880,M,19
1345,Adrian,1880,M,18
1346,Alvah,1880,M,18
1347,Bertram,1880,M,18
1348,Clay,1880,M,18
1349,Ephraim,1880,M,18
1350,Fritz,1880,M,18
1351,Giles,1880,M,18
1352,Grover,1880,M,18
1353,Harris,1880,M,18
1354,Isom,1880,M,18
1355,Jesus,1880,M,18
1356,Johnie,1880,M,18
1357,Jonathan,1880,M,18
1358,Lucian,1880,M,18
1359,Malcolm,1880,M,18
1360,Merritt,1880,M,18
1361,Otho,1880,M,18
1362,Perley,1880,M,18
1363,Rolla,1880,M,18
1364,Sandy,1880,M,18
1365,Tomas,1880,M,18
1366,Wilford,1880,M,18
1367,Adolphus,1880,M,17
1368,Angus,1880,M,17
1369,Arther,1880,M,17
1370,Carlos,1880,M,17
1371,Cary,1880,M,17
1372,Cassius,1880,M,17
1373,Davis,1880,M,17
1374,Hamilton,1880,M,17
1375,Harve,1880,M,17
1376,Israel,1880,M,17
1377,Leander,1880,M,17
1378,Melville,1880,M,17
1379,Merle,1880,M,17
1380,Murray,1880,M,17
1381,Pleasant,1880,M,17
1382,Sterling,1880,M,17
1383,Steven,1880,M,17
1384,Axel,1880,M,16
1385,Boyd,1880,M,16
1386,Bryant,1880,M,16
1387,Clement,1880,M,16
1388,Erwin,1880,M,16
1389,Ezekiel,1880,M,16
1390,Foster,1880,M,16
1391,Frances,1880,M,16
1392,Geo,1880,M,16
1393,Houston,1880,M,16
1394,Issac,1880,M,16
1395,Jules,1880,M,16
1396,Larkin,1880,M,16
1397,Mat,1880,M,16
1398,Morton,1880,M,16
1399,Orlando,1880,M,16
1400,Pierce,1880,M,16
1401,Prince,1880,M,16
1402,Rollie,1880,M,16
1403,Rollin,1880,M,16
1404,Sim,1880,M,16
1405,Stuart,1880,M,16
1406,Wilburn,1880,M,16
1407,Bennett,1880,M,15
1408,Casper,1880,M,15
1409,Christ,1880,M,15
1410,Dell,1880,M,15
1411,Egbert,1880,M,15
1412,Elmo,1880,M,15
1413,Fay,1880,M,15
1414,Gabriel,1880,M,15
1415,Hector,1880,M,15
1416,Horatio,1880,M,15
1417,Lige,1880,M,15
1418,Saul,1880,M,15
1419,Smith,1880,M,15
1420,Squire,1880,M,15
1421,Tobe,1880,M,15
1422,Tommie,1880,M,15
1423,Wyatt,1880,M,15
1424,Alford,1880,M,14
1425,Alma,1880,M,14
1426,Alton,1880,M,14
1427,Andres,1880,M,14
1428,Burl,1880,M,14
1429,Cicero,1880,M,14
1430,Dean,1880,M,14
1431,Dorsey,1880,M,14
1432,Enos,1880,M,14
1433,Howell,1880,M,14
1434,Lou,1880,M,14
1435,Loyd,1880,M,14
1436,Mahlon,1880,M,14
1437,Nat,1880,M,14
1438,Omar,1880,M,14
1439,Oran,1880,M,14
1440,Parker,1880,M,14
1441,Raleigh,1880,M,14
1442,Reginald,1880,M,14
1443,Rubin,1880,M,14
1444,Seymour,1880,M,14
1445,Wm,1880,M,14
1446,Young,1880,M,14
1447,Benjamine,1880,M,13
1448,Carey,1880,M,13
1449,Carlton,1880,M,13
1450,Eldridge,1880,M,13
1451,Elzie,1880,M,13
1452,Garrett,1880,M,13
1453,Isham,1880,M,13
1454,Johnson,1880,M,13
1455,Larry,1880,M,13
1456,Logan,1880,M,13
1457,Merrill,1880,M,13
1458,Mont,1880,M,13
1459,Oren,1880,M,13
1460,Pierre,1880,M,13
1461,Rex,1880,M,13
1462,Rodney,1880,M,13
1463,Ted,1880,M,13
1464,Webster,1880,M,13
1465,West,1880,M,13
1466,Wheeler,1880,M,13
1467,Willam,1880,M,13
1468,Al,1880,M,12
1469,Aloysius,1880,M,12
1470,Alvie,1880,M,12
1471,Anna,1880,M,12
1472,Art,1880,M,12
1473,Augustine,1880,M,12
1474,Bailey,1880,M,12
1475,Benjaman,1880,M,12
1476,Beverly,1880,M,12
1477,Bishop,1880,M,12
1478,Clair,1880,M,12
1479,Cloyd,1880,M,12
1480,Coleman,1880,M,12
1481,Dana,1880,M,12
1482,Duncan,1880,M,12
1483,Dwight,1880,M,12
1484,Emile,1880,M,12
1485,Evert,1880,M,12
1486,Henderson,1880,M,12
1487,Hunter,1880,M,12
1488,Jean,1880,M,12
1489,Lem,1880,M,12
1490,Luis,1880,M,12
1491,Mathias,1880,M,12
1492,Maynard,1880,M,12
1493,Miguel,1880,M,12
1494,Mortimer,1880,M,12
1495,Nels,1880,M,12
1496,Norris,1880,M,12
1497,Pat,1880,M,12
1498,Phil,1880,M,12
1499,Rush,1880,M,12
1500,Santiago,1880,M,12
1501,Sol,1880,M,12
1502,Sydney,1880,M,12
1503,Thaddeus,1880,M,12
1504,Thornton,1880,M,12
1505,Tim,1880,M,12
1506,Travis,1880,M,12
1507,Truman,1880,M,12
1508,Watson,1880,M,12
1509,Webb,1880,M,12
1510,Wellington,1880,M,12
1511,Winfred,1880,M,12
1512,Wylie,1880,M,12
1513,Alec,1880,M,11
1514,Basil,1880,M,11
1515,Baxter,1880,M,11
1516,Bertrand,1880,M,11
1517,Buford,1880,M,11
1518,Burr,1880,M,11
1519,Cleveland,1880,M,11
1520,Colonel,1880,M,11
1521,Dempsey,1880,M,11
1522,Early,1880,M,11
1523,Ellsworth,1880,M,11
1524,Fate,1880,M,11
1525,Finley,1880,M,11
1526,Gabe,1880,M,11
1527,Garland,1880,M,11
1528,Gerald,1880,M,11
1529,Herschel,1880,M,11
1530,Hezekiah,1880,M,11
1531,Justus,1880,M,11
1532,Lindsey,1880,M,11
1533,Marcellus,1880,M,11
1534,Olaf,1880,M,11
1535,Olin,1880,M,11
1536,Pablo,1880,M,11
1537,Rolland,1880,M,11
1538,Turner,1880,M,11
1539,Verne,1880,M,11
1540,Volney,1880,M,11
1541,Williams,1880,M,11
1542,Almon,1880,M,10
1543,Alois,1880,M,10
1544,Alonza,1880,M,10
1545,Anson,1880,M,10
1546,Authur,1880,M,10
1547,Benton,1880,M,10
1548,Billie,1880,M,10
1549,Cornelious,1880,M,10
1550,Darius,1880,M,10
1551,Denis,1880,M,10
1552,Dillard,1880,M,10
1553,Doctor,1880,M,10
1554,Elvin,1880,M,10
1555,Emma,1880,M,10
1556,Eric,1880,M,10
1557,Evans,1880,M,10
1558,Gideon,1880,M,10
1559,Haywood,1880,M,10
1560,Hilliard,1880,M,10
1561,Hosea,1880,M,10
1562,Lincoln,1880,M,10
1563,Lonzo,1880,M,10
1564,Lucious,1880,M,10
1565,Lum,1880,M,10
1566,Malachi,1880,M,10
1567,Newt,1880,M,10
1568,Noel,1880,M,10
1569,Orie,1880,M,10
1570,Palmer,1880,M,10
1571,Pinkney,1880,M,10
1572,Shirley,1880,M,10
1573,Sumner,1880,M,10
1574,Terry,1880,M,10
1575,Urban,1880,M,10
1576,Uriah,1880,M,10
1577,Valentine,1880,M,10
1578,Waldo,1880,M,10
1579,Warner,1880,M,10
1580,Wong,1880,M,10
1581,Zeb,1880,M,10
1582,Abel,1880,M,9
1583,Alden,1880,M,9
1584,Archer,1880,M,9
1585,Avery,1880,M,9
1586,Carson,1880,M,9
1587,Cullen,1880,M,9
1588,Doc,1880,M,9
1589,Eben,1880,M,9
1590,Elige,1880,M,9
1591,Elizabeth,1880,M,9
1592,Elmore,1880,M,9
1593,Ernst,1880,M,9
1594,Finis,1880,M,9
1595,Freddie,1880,M,9
1596,Godfrey,1880,M,9
1597,Guss,1880,M,9
1598,Hamp,1880,M,9
1599,Hermann,1880,M,9
1600,Isadore,1880,M,9
1601,Isreal,1880,M,9
1602,Jones,1880,M,9
1603,June,1880,M,9
1604,Lacy,1880,M,9
1605,Lafe,1880,M,9
1606,Leland,1880,M,9
1607,Llewellyn,1880,M,9
1608,Ludwig,1880,M,9
1609,Manford,1880,M,9
1610,Maxwell,1880,M,9
1611,Minnie,1880,M,9
1612,Obie,1880,M,9
1613,Octave,1880,M,9
1614,Orrin,1880,M,9
1615,Ossie,1880,M,9
1616,Oswald,1880,M,9
1617,Park,1880,M,9
1618,Parley,1880,M,9
1619,Ramon,1880,M,9
1620,Rice,1880,M,9
1621,Stonewall,1880,M,9
1622,Theo,1880,M,9
1623,Tillman,1880,M,9
1624,Addie,1880,M,8
1625,Aron,1880,M,8
1626,Ashley,1880,M,8
1627,Bernhard,1880,M,8
1628,Bertie,1880,M,8
1629,Berton,1880,M,8
1630,Buster,1880,M,8
1631,Butler,1880,M,8
1632,Carleton,1880,M,8
1633,Carrie,1880,M,8
1634,Clara,1880,M,8
1635,Clarance,1880,M,8
1636,Clare,1880,M,8
1637,Crawford,1880,M,8
1638,Danial,1880,M,8
1639,Dayton,1880,M,8
1640,Dolphus,1880,M,8
1641,Elder,1880,M,8
1642,Ephriam,1880,M,8
1643,Fayette,1880,M,8
1644,Felipe,1880,M,8
1645,Fernando,1880,M,8
1646,Flem,1880,M,8
1647,Florence,1880,M,8
1648,Ford,1880,M,8
1649,Harlan,1880,M,8
1650,Hayes,1880,M,8
1651,Henery,1880,M,8
1652,Hoy,1880,M,8
1653,Huston,1880,M,8
1654,Ida,1880,M,8
1655,Ivory,1880,M,8
1656,Jonah,1880,M,8
1657,Justin,1880,M,8
1658,Lenard,1880,M,8
1659,Leopold,1880,M,8
1660,Lionel,1880,M,8
1661,Manley,1880,M,8
1662,Marquis,1880,M,8
1663,Marshal,1880,M,8
1664,Mart,1880,M,8
1665,Odie,1880,M,8
1666,Olen,1880,M,8
1667,Oral,1880,M,8
1668,Orley,1880,M,8
1669,Otha,1880,M,8
1670,Press,1880,M,8
1671,Price,1880,M,8
1672,Quincy,1880,M,8
1673,Randall,1880,M,8
1674,Rich,1880,M,8
1675,Richmond,1880,M,8
1676,Romeo,1880,M,8
1677,Russel,1880,M,8
1678,Rutherford,1880,M,8
1679,Shade,1880,M,8
1680,Shelby,1880,M,8
1681,Solon,1880,M,8
1682,Thurman,1880,M,8
1683,Tilden,1880,M,8
1684,Troy,1880,M,8
1685,Woodson,1880,M,8
1686,Worth,1880,M,8
1687,Aden,1880,M,7
1688,Alcide,1880,M,7
1689,Alf,1880,M,7
1690,Algie,1880,M,7
1691,Arlie,1880,M,7
1692,Bart,1880,M,7
1693,Bedford,1880,M,7
1694,Benito,1880,M,7
1695,Billy,1880,M,7
1696,Bird,1880,M,7
1697,Birt,1880,M,7
1698,Bruno,1880,M,7
1699,Burley,1880,M,7
1700,Chancy,1880,M,7
1701,Claus,1880,M,7
1702,Cliff,1880,M,7
1703,Clovis,1880,M,7
1704,Connie,1880,M,7
1705,Creed,1880,M,7
1706,Delos,1880,M,7
1707,Duke,1880,M,7
1708,Eber,1880,M,7
1709,Eligah,1880,M,7
1710,Elliot,1880,M,7
1711,Elton,1880,M,7
1712,Emmitt,1880,M,7
1713,Gene,1880,M,7
1714,Golden,1880,M,7
1715,Hal,1880,M,7
1716,Hardin,1880,M,7
1717,Harman,1880,M,7
1718,Hervey,1880,M,7
1719,Hollis,1880,M,7
1720,Ivey,1880,M,7
1721,Jennie,1880,M,7
1722,Len,1880,M,7
1723,Lindsay,1880,M,7
1724,Lonie,1880,M,7
1725,Lyle,1880,M,7
1726,Mac,1880,M,7
1727,Mal,1880,M,7
1728,Math,1880,M,7
1729,Miller,1880,M,7
1730,Orson,1880,M,7
1731,Osborne,1880,M,7
1732,Percival,1880,M,7
1733,Pleas,1880,M,7
1734,Ples,1880,M,7
1735,Rafael,1880,M,7
1736,Raoul,1880,M,7
1737,Roderick,1880,M,7
1738,Rose,1880,M,7
1739,Shelton,1880,M,7
1740,Sid,1880,M,7
1741,Theron,1880,M,7
1742,Tobias,1880,M,7
1743,Toney,1880,M,7
1744,Tyler,1880,M,7
1745,Vance,1880,M,7
1746,Vivian,1880,M,7
1747,Walton,1880,M,7
1748,Watt,1880,M,7
1749,Weaver,1880,M,7
1750,Wilton,1880,M,7
1751,Adolf,1880,M,6
1752,Albin,1880,M,6
1753,Albion,1880,M,6
1754,Allison,1880,M,6
1755,Alpha,1880,M,6
1756,Alpheus,1880,M,6
1757,Anastacio,1880,M,6
1758,Andre,1880,M,6
1759,Annie,1880,M,6
1760,Arlington,1880,M,6
1761,Armand,1880,M,6
1762,Asberry,1880,M,6
1763,Asbury,1880,M,6
1764,Asher,1880,M,6
1765,Augustin,1880,M,6
1766,Auther,1880,M,6
1767,Author,1880,M,6
1768,Ballard,1880,M,6
1769,Blas,1880,M,6
1770,Caesar,1880,M,6
1771,Candido,1880,M,6
1772,Cato,1880,M,6
1773,Clarke,1880,M,6
1774,Clemente,1880,M,6
1775,Colin,1880,M,6
1776,Commodore,1880,M,6
1777,Cora,1880,M,6
1778,Coy,1880,M,6
1779,Cruz,1880,M,6
1780,Curt,1880,M,6
1781,Damon,1880,M,6
1782,Davie,1880,M,6
1783,Delmar,1880,M,6
1784,Dexter,1880,M,6
1785,Dora,1880,M,6
1786,Doss,1880,M,6
1787,Drew,1880,M,6
1788,Edson,1880,M,6
1789,Elam,1880,M,6
1790,Elihu,1880,M,6
1791,Eliza,1880,M,6
1792,Elsie,1880,M,6
1793,Erie,1880,M,6
1794,Ernie,1880,M,6
1795,Ethel,1880,M,6
1796,Ferd,1880,M,6
1797,Friend,1880,M,6
1798,Garry,1880,M,6
1799,Gary,1880,M,6
1800,Grace,1880,M,6
1801,Gustaf,1880,M,6
1802,Hallie,1880,M,6
1803,Hampton,1880,M,6
1804,Harrie,1880,M,6
1805,Hattie,1880,M,6
1806,Hence,1880,M,6
1807,Hillard,1880,M,6
1808,Hollie,1880,M,6
1809,Holmes,1880,M,6
1810,Hope,1880,M,6
1811,Hyman,1880,M,6
1812,Ishmael,1880,M,6
1813,Jarrett,1880,M,6
1814,Jessee,1880,M,6
1815,Joeseph,1880,M,6
1816,Junious,1880,M,6
1817,Kirk,1880,M,6
1818,Levy,1880,M,6
1819,Mervin,1880,M,6
1820,Michel,1880,M,6
1821,Milford,1880,M,6
1822,Mitchel,1880,M,6
1823,Nellie,1880,M,6
1824,Noble,1880,M,6
1825,Obed,1880,M,6
1826,Oda,1880,M,6
1827,Orren,1880,M,6
1828,Ottis,1880,M,6
1829,Rafe,1880,M,6
1830,Redden,1880,M,6
1831,Reese,1880,M,6
1832,Rube,1880,M,6
1833,Ruby,1880,M,6
1834,Rupert,1880,M,6
1835,Salomon,1880,M,6
1836,Sammie,1880,M,6
1837,Sanders,1880,M,6
1838,Soloman,1880,M,6
1839,Stacy,1880,M,6
1840,Stanford,1880,M,6
1841,Stanton,1880,M,6
1842,Thad,1880,M,6
1843,Titus,1880,M,6
1844,Tracy,1880,M,6
1845,Vernie,1880,M,6
1846,Wendell,1880,M,6
1847,Wilhelm,1880,M,6
1848,Willian,1880,M,6
1849,Yee,1880,M,6
1850,Zeke,1880,M,6
1851,Ab,1880,M,5
1852,Abbott,1880,M,5
1853,Agustus,1880,M,5
1854,Albertus,1880,M,5
1855,Almer,1880,M,5
1856,Alphonso,1880,M,5
1857,Alvia,1880,M,5
1858,Artie,1880,M,5
1859,Arvid,1880,M,5
1860,Ashby,1880,M,5
1861,Augusta,1880,M,5
1862,Aurthur,1880,M,5
1863,Babe,1880,M,5
1864,Baldwin,1880,M,5
1865,Barnett,1880,M,5
1866,Bartholomew,1880,M,5
1867,Barton,1880,M,5
1868,Bernie,1880,M,5
1869,Blaine,1880,M,5
1870,Boston,1880,M,5
1871,Brad,1880,M,5
1872,Bradford,1880,M,5
1873,Bradley,1880,M,5
1874,Brooks,1880,M,5
1875,Buck,1880,M,5
1876,Budd,1880,M,5
1877,Ceylon,1880,M,5
1878,Chalmers,1880,M,5
1879,Chesley,1880,M,5
1880,Chin,1880,M,5
1881,Cleo,1880,M,5
1882,Crockett,1880,M,5
1883,Cyril,1880,M,5
1884,Daisy,1880,M,5
1885,Denver,1880,M,5
1886,Dow,1880,M,5
1887,Duff,1880,M,5
1888,Edie,1880,M,5
1889,Edith,1880,M,5
1890,Elick,1880,M,5
1891,Elie,1880,M,5
1892,Eliga,1880,M,5
1893,Eliseo,1880,M,5
1894,Elroy,1880,M,5
1895,Ely,1880,M,5
1896,Ennis,1880,M,5
1897,Enrique,1880,M,5
1898,Erasmus,1880,M,5
1899,Esau,1880,M,5
1900,Everette,1880,M,5
1901,Firman,1880,M,5
1902,Fleming,1880,M,5
1903,Flora,1880,M,5
1904,Gardner,1880,M,5
1905,Gee,1880,M,5
1906,Gorge,1880,M,5
1907,Gottlieb,1880,M,5
1908,Gregorio,1880,M,5
1909,Gregory,1880,M,5
1910,Gustavus,1880,M,5
1911,Halsey,1880,M,5
1912,Handy,1880,M,5
1913,Hardie,1880,M,5
1914,Harl,1880,M,5
1915,Hayden,1880,M,5
1916,Hays,1880,M,5
1917,Hermon,1880,M,5
1918,Hershel,1880,M,5
1919,Holly,1880,M,5
1920,Hosteen,1880,M,5
1921,Hoyt,1880,M,5
1922,Hudson,1880,M,5
1923,Huey,1880,M,5
1924,Humphrey,1880,M,5
1925,Hunt,1880,M,5
1926,Hyrum,1880,M,5
1927,Irven,1880,M,5
1928,Isam,1880,M,5
1929,Ivy,1880,M,5
1930,Jabez,1880,M,5
1931,Jewel,1880,M,5
1932,Jodie,1880,M,5
1933,Judd,1880,M,5
1934,Julious,1880,M,5
1935,Justice,1880,M,5
1936,Katherine,1880,M,5
1937,Kelly,1880,M,5
1938,Kit,1880,M,5
1939,Knute,1880,M,5
1940,Lavern,1880,M,5
1941,Lawyer,1880,M,5
1942,Layton,1880,M,5
1943,Leonidas,1880,M,5
1944,Lewie,1880,M,5
1945,Lillie,1880,M,5
1946,Linwood,1880,M,5
1947,Loran,1880,M,5
1948,Lorin,1880,M,5
1949,Mace,1880,M,5
1950,Malcom,1880,M,5
1951,Manly,1880,M,5
1952,Manson,1880,M,5
1953,Matthias,1880,M,5
1954,Mattie,1880,M,5
1955,Merida,1880,M,5
1956,Miner,1880,M,5
1957,Montgomery,1880,M,5
1958,Moroni,1880,M,5
1959,Murdock,1880,M,5
1960,Myrtle,1880,M,5
1961,Nate,1880,M,5
1962,Nathanial,1880,M,5
1963,Nimrod,1880,M,5
1964,Nora,1880,M,5
1965,Norval,1880,M,5
1966,Nova,1880,M,5
1967,Orion,1880,M,5
1968,Orla,1880,M,5
1969,Orrie,1880,M,5
1970,Payton,1880,M,5
1971,Philo,1880,M,5
1972,Phineas,1880,M,5
1973,Presley,1880,M,5
1974,Ransom,1880,M,5
1975,Reece,1880,M,5
1976,Rene,1880,M,5
1977,Roswell,1880,M,5
1978,Rowland,1880,M,5
1979,Sampson,1880,M,5
1980,Samual,1880,M,5
1981,Santos,1880,M,5
1982,Schuyler,1880,M,5
1983,Sheppard,1880,M,5
1984,Spurgeon,1880,M,5
1985,Starling,1880,M,5
1986,Sylvanus,1880,M,5
1987,Theadore,1880,M,5
1988,Theophile,1880,M,5
1989,Tilmon,1880,M,5
1990,Tommy,1880,M,5
1991,Unknown,1880,M,5
1992,Vann,1880,M,5
1993,Wes,1880,M,5
1994,Winston,1880,M,5
1995,Wood,1880,M,5
1996,Woodie,1880,M,5
1997,Worthy,1880,M,5
1998,Wright,1880,M,5
1999,York,1880,M,5
2000,Zachariah,1880,M,5